"DESCRIPTION","DURATION IN MS","NAME","PARENT SUITE","START TIME","STATUS","STOP TIME","SUB SUITE","SUITE","TEST CLASS","TEST METHOD"
"","1149","Search for a product with a valid term -- @1.2 ","","2026-09-25","passed","2026-09-25","","","",""
"","1408","Search without the search_product parameter","","2026-09-25","passed","2026-09-25","","","",""
"","997","Update an existing user","","2026-09-25","passed","2026-09-25","","","",""
"","951","Get a user that does not exist","","2026-09-25","passed","2026-09-25","","","",""
"","820","Get all users","","2026-09-25","passed","2026-09-25","","","",""
"","940","Delete a user","","2026-09-25","passed","2026-09-25","","","",""
"","576","Get a single user by ID","","2026-09-25","passed","2026-09-25","","","",""
"","1191","Login with invalid credentials","","2026-09-25","passed","2026-09-25","","","",""
"","1156","DELETE to verify login is not allowed","","2026-09-25","passed","2026-09-25","","","",""
"","1856","Get all products list","","2026-09-25","passed","2026-09-25","","","",""
"","1184","Search for a product with a valid term -- @1.3 ","","2026-09-25","passed","2026-09-25","","","",""
"","1169","Login without the email parameter","","2026-09-25","passed","2026-09-25","","","",""
"","697","PUT to brands list is not allowed","","2026-09-25","passed","2026-09-25","","","",""
"","1508","Search for a product with a valid term -- @1.1 ","","2026-09-25","passed","2026-09-25","","","",""
"","1395","Login with valid email and password","","2026-09-25","passed","2026-09-25","","","",""
"","638","Create a new user","","2026-09-25","passed","2026-09-25","","","",""
"","1191","Get all brands list","","2026-09-25","passed","2026-09-25","","","",""
"","1604","POST to products list is not allowed","","2026-09-25","passed","2026-09-25","","","",""
